trialID,chargeSpeed,left_color,repetition,avgCDelay,agent1_clip,agent2_clip,touch_time_1_s,touch_time_2_s,ISI_ms
015f75aa-de90-4fdc-8657-d630f1963869,7.75,black,4,225,83cebb8e-9c67-4a8d-8a4f-4233f3264ee6,0b88aab4-d438-4231-a079-624f18edf487,2.517,6.283,470.8
04b8ff17-66ff-4d6b-a0aa-a91efebb4368,5.25,black,4,375,e7bef434-1800-4915-8295-6de66f195799,dfbbf429-52e9-4f3f-ad25-e8fd5e5edbd8,2.7,6.3,514.3
059f8cfb-52c8-47fd-8d26-b0fec58eafae,9,grey,8,150,0049bc1b-457e-4fdd-88fe-e38aa45646bc,76c88e53-5ccf-4cb4-9381-f3158e369c9d,2.65,6.033,483.3
085d7298-e568-4752-a909-8eecf82e3ebc,7.75,grey,7,225,d834cab3-2f6d-49d6-bfdc-1c32d75534a7,1317cbc5-197f-4ef9-b4b0-9c7046cb000e,2.767,6.45,526.2
0890b767-b394-4f89-aea1-c60cab7014af,4,grey,9,450,5f66d627-58e5-415c-ae89-34307396318a,cc10640b-4156-43a0-944e-92a3b94b759e,2.65,6.333,526.2
09060d5d-c3e1-451b-a3b5-4b2b567660ff,7.75,grey,8,225,8f71b9d3-43aa-4629-816d-439ed3c34eb7,5312c0b7-a80b-4861-92ee-55e25fe68347,2.5,5.85,478.6
0a4312a1-7156-4c68-9698-0f1495558bee,5.25,grey,8,375,f52aa443-8c98-4a90-ba66-e5a6326bde08,1dd3a1e7-a04e-4787-921c-83355fde1b8a,3.483,7.467,497.9
0bad25fa-4a38-4561-9d35-56f1108797cd,2.75,black,1,525,7494e630-a2e0-4ece-999c-618aabb25e05,b75c9cd9-c923-408b-ba25-16e5799de420,3.117,7.233,514.6
0e704828-9ccd-480e-8056-3a2a8158df0f,1.5,black,4,600,a90115c2-b870-4bad-b7f0-234e4bae37e3,4ec63f8d-2919-47b1-922c-54a4712c6a70,3.783,7.783,500
112b96b3-6518-4053-ad9f-ff77320acc23,2.75,black,4,525,617deb29-b9d2-4455-bb98-8ac698852940,33782be9-1513-4e0f-95d6-f69837e8177f,3.017,7.35,481.5
114b2369-dce5-4979-8319-c64c85175e6a,4,grey,7,450,4495c362-3567-488f-99ac-04e94d9573f9,021f5852-b7de-4608-84e6-e7c32c7e0714,2.817,6.633,477.1
124d9b3a-acac-4627-93e0-f05b493598f3,5.25,black,4,375,52d3f00a-85f1-41c2-b541-8adfa3e098df,33be162c-047d-4949-b848-cbbec61aea7f,2.817,6.35,504.8
132133b4-5554-4500-9494-87f534100012,9,grey,5,150,50be22b9-3236-4705-aca1-16078374486d,b96ad794-44df-4faf-bfb6-b56bfca8c72a,2.45,5.833,483.3
13e24563-ab7e-41df-adf6-e8e88b4d9e08,6.5,grey,9,300,0aa19148-9499-4c0d-bc2f-a7953d0a711e,9946a9f0-93c3-47ad-b8c5-e0a47198511a,2.483,6.3,477.1
14c0e4c6-94d9-41ec-b44a-5f6c8678230e,6.5,black,4,300,a5329515-6d95-4ba7-a0cb-1e45925a9e25,c7f316be-63cf-4d0a-b31d-73a7c9ffbf5f,2.833,6.417,511.9
15dfbaca-4429-4c18-90f4-8d4804129e6f,1.5,black,1,600,94f58bc7-f048-4287-b391-ac406748903e,ae890b33-4043-4b19-b41d-23bc56b4d9e4,4.167,7.583,488.1
16718611-6bca-4e79-8071-94d68c181ba1,9,black,0,150,ce4871eb-dfdd-466b-8991-1740b8b5ae9b,90cc5112-9d15-466a-bbf5-45fca6a5335f,2.333,5.633,471.4
1827c058-6388-491a-b84c-d4d6c512039e,6.5,grey,8,300,32e1424e-807d-43a8-848a-c2f0ef41571e,1320054d-5679-469b-a93e-932bfc82c0a8,2.483,5.9,488.1
187f8493-9a30-43cc-a2bd-5d96f6d2263d,6.5,black,0,300,636d5251-181b-4025-94e0-e2ff80d52bad,6c538a9d-6706-4047-b5a8-aa67de7d2554,2.483,6.1,516.7
1a1c3419-9320-46a3-8b48-10e9514c3e7d,4,grey,7,450,403fcd7c-4b0d-4841-898f-1a286bdb3761,f21e35d9-34af-4789-b3c0-e539b935c698,2.617,6.35,533.3
1a8cf3c1-690b-449c-bb36-fd3b251837c1,1.5,grey,7,600,959d31f9-7d55-4179-9a41-eb39469683ad,55efbe75-c12e-4783-9df3-214604d4e0fc,4.467,7.683,536.1
1b1159fc-de2b-4ae5-a736-d98d8524a366,1.5,black,2,600,53f5859b-5ef6-4835-a6d3-5942f8d735fc,44504d79-5aa3-4e6a-8493-492241e89405,4.567,7.617,508.3
1b4e0da1-e8b8-4342-8d4f-9d2a551e7fed,5.25,grey,9,375,d1634161-b1ac-4a8a-9359-dea19f7fb055,054159f0-e43a-4fcc-96b4-7f7e1ed1b136,2.433,5.917,497.6
1be4605b-9f78-45d4-8eb0-87bdc69537e2,9,grey,5,150,daccd363-6e35-4a82-a6de-d1abc52f7931,57c0b0ea-d0c7-489c-9018-8e6a9dd1d20b,2.367,5.6,538.9
1d41f125-7386-42b4-8250-f6c540c627a8,4,black,4,450,3a14c98a-2b6f-4a48-8927-f138c4661299,9b32f91e-1da4-4d72-914f-27c8d65111c9,2.65,6.733,510.4
1f6c6525-a740-48c2-8dfc-9c4fb520c630,1.5,black,4,600,1722cf09-248f-4064-9794-cfc534a0fee6,385354da-9d41-465c-93ef-34672c419b0d,2.3,4.517,554.2
1f7aa6f4-6516-4b90-8eeb-142b1437644b,4,black,3,450,114aa630-d14c-42ba-9ed4-89c86eb655de,dcfe15c9-6982-4057-b563-964a23be5c1e,3.917,7.6,526.2
204d8c5c-c9ac-4aef-956d-74de8c6eedc4,2.75,grey,6,525,e65d240b-776c-4d73-a3cb-d220775946f5,5485843d-fad7-43fa-9818-349b5ad71101,3.217,7.683,496.3
215ead11-5650-429d-b541-0b107fbb996a,2.75,grey,7,525,a04a8cb3-27e2-42df-bb77-0261747ad947,b20cf7b3-fe38-4b27-9b84-ab11fa26bdcd,2.75,7.3,505.6
27f4d7f8-d998-48b2-a3e4-f885f21c713d,5.25,grey,6,375,6ca801d6-c3e9-43cc-8659-1f75648a42b0,cda5a6db-70dd-4133-9ab8-5936e438ef31,2.8,6.5,528.6
29e7c94f-a6bf-4f1d-8ea1-46efbdb6a836,1.5,black,2,600,489903fc-4f74-44ed-9f65-a45a49193570,bae0f059-9c6b-4ffe-a900-2b32440a2733,3.45,7.717,474.1
2abe0875-f8ff-4373-aad8-bca142211a09,9,black,2,150,e8f05dbf-90f0-476d-8cd8-b232bd34176b,753be1bd-4280-42ab-a974-98c50024d7cd,2.183,5.45,466.7
2c174300-1111-477c-b605-e34e6031cd26,6.5,grey,6,300,eac457d9-6cd9-4166-92b0-65cad73a0c89,3818451e-af7f-45b1-a10d-74dab4348e75,2.467,5.817,478.6
2d3d47a2-03c8-4642-84ec-a8f67c64868c,5.25,black,1,375,91adc602-da70-4fa3-a997-89f905ee8fb4,324129b9-6b86-4c1e-b18a-7aba9d6a525a,2.75,6.617,483.3
2d84acc9-9c9b-441c-9a1a-c901bc48b88f,7.75,grey,7,225,b1cca236-3960-448a-b970-7cd86b799d0d,aad16ea5-26dd-47e2-8e8a-5f6114abd9b4,2.45,6.017,509.5
2ef99e5f-bc49-429b-b086-41ed4571b58a,5.25,black,4,375,c7b4b80a-77fb-4d94-a075-2a4485b40474,7e3085a5-1d82-4cb2-96c6-8bf602d50d60,2.433,5.833,485.7
2fa02aa8-ef06-46e0-87af-9e3b7267ee79,6.5,grey,9,300,8dbf2755-aa8c-468c-9b83-700fa055a2c6,1318a857-fc62-4eee-ad24-15e2f3ebea3e,3.1,6.55,492.9
31e1789e-459a-4f3d-bfdd-2f4c8c4e9f50,1.5,grey,8,600,36ac1862-857a-481e-8b68-111edd9e5beb,b7d1b159-f67e-4010-8813-8a1dd558934a,3.183,7.8,513
32110051-52cf-4952-a6e5-4c5fe75760b7,2.75,grey,7,525,330033e5-b6ce-4f87-9f2f-666a551245cc,1b90edea-3761-4fd8-9e64-9a1347383854,3.183,7.367,522.9
3322caf5-0aeb-4230-89db-c56b23e94819,9,grey,5,150,935f9411-6074-48d7-a1e3-34b958567b15,36a91d28-93a8-4fbe-8246-9a2e972035e9,2.217,5.5,469
35ae5b09-f580-4922-91bd-f22c23175a47,5.25,black,3,375,0017157c-0548-41f4-a8bb-9d007431d87e,ef73391c-b31d-4d7d-b184-de9e2f600281,2.633,6.217,511.9
384dc3de-9717-4531-83a1-683588fe1381,5.25,black,1,375,67d7715f-1089-487b-83a5-9dd358bd4498,54192b64-b276-4837-9c49-ac29fe207c24,2.7,6.583,485.4
38ad4b16-44e2-4e52-8d02-b23eca73a48d,1.5,grey,7,600,b43aa1a0-8cdd-467d-ad24-be4550104b4e,5a23477e-773a-4b43-ab34-e3397ec5e715,4.35,7.783,490.5
39d4c0f1-9195-4761-98c6-457bad8a2291,5.25,black,2,375,5cb52bbc-fa68-42bf-b0b3-6abbc56eda2f,b3cb6e49-47e7-4990-b074-ab4728e6574b,3.133,6.733,514.3
3c21b0c7-30d1-41a7-99ae-02e24be36ad3,6.5,grey,5,300,70f10642-36ba-42df-a1f0-8ec37e7184f4,badb975e-f2f5-4661-925c-5fa92aa365c4,2.967,6.483,502.4
3dbdd697-e200-4003-92f8-47202577ad0a,7.75,black,4,225,be8c43eb-8863-4d20-9a5c-d2a58fdc0294,04191853-1195-4fe3-851b-5b7d80b01117,2.3,5.85,507.1
3fd185a3-34a1-4f1a-9d01-aee3deee3988,2.75,black,0,525,539bd99e-bcf6-4c53-ab65-4dbb7dbf5cb8,875a920e-a916-421f-92a6-c28d6d61fd3c,3.217,7,472.9
40860eea-1c44-4896-96b1-ee2d42a6c522,6.5,black,4,300,8e38e3f1-eba7-4401-9d7d-b38cd1b3819d,a297f2c7-f482-49b3-910c-d7c7d0446a84,2.75,6.183,490.5
42a6675b-868f-488d-a671-17a04c97ab01,2.75,black,2,525,b95bdbb1-ad7c-4da8-bf9b-8c80990fa55e,6a6ea68b-30f3-4cd0-8d08-ead74d77fd37,2.85,6.85,500
44ab78ba-bb99-4b6d-a69b-ede18f9116ec,7.75,black,1,225,7d04a413-054d-4224-ad87-1947874d40aa,5b4c6706-d653-47ee-8d98-ac451a08db26,2.85,6.45,514.3
453a1fa5-895a-4a5e-a4cf-25c0a35d74d2,7.75,black,1,225,0d224b36-a5c1-4761-8012-18df5c3fc542,1e360d00-52ac-40c0-835c-9ecda3f7b716,2.483,5.967,497.6
46786fd0-ca59-4ffa-a772-fe489fdbd94c,5.25,grey,9,375,63a70cd2-27e5-4f9d-b603-4eb89f1c01d8,34fd405f-da1a-4f58-a199-20d08b509ed4,2.45,6.2,468.8
46c1720a-0af5-44e9-b008-09b89ef78bd9,2.75,grey,6,525,ed3a584d-26ee-4499-bbf3-4118c2bf6549,3913a084-9cb8-4273-af6a-b62fe4c9419b,3.35,7.817,496.3
48fe3ca9-b1df-491d-bef9-6d9c5edee227,4,grey,9,450,9b7ba32d-39d3-4916-9c22-61852c617800,c707f451-4d38-484e-bb33-8bd32bd958bd,2.583,6.35,470.8
4a2adf87-0f15-4bc0-9837-899addfb179c,2.75,black,4,525,61a24cea-a805-4e9f-8615-a913b33e6cdd,23b045a7-9dac-4f6c-a874-5d3a54dd3e5f,2.9,7,512.5
4cf04acf-6776-453a-a811-1c5e51c2ece4,5.25,black,3,375,6441479a-2b19-4e31-bff9-ce13393fe3da,8aa2095a-024c-4d9a-83ac-6be2c487f351,2.55,7.283,525.9
50781782-fbf2-4226-a593-5173be906638,4,black,4,450,20e60fa3-bf53-430f-89ae-f63b4451dcfb,13408064-b679-488c-b682-369e6a747f02,2.867,6.467,514.3
50919f52-6a9c-4824-b24f-2f1aebd58e1b,1.5,black,4,600,a0d68eb2-025a-4447-b3d9-0cf18ab4e9b2,9c3a31bb-497d-49c1-9648-71b5ee9fce2f,4.433,7.7,466.7
50bec0a0-7e7c-4edd-a8eb-394750dbdb77,4,grey,8,450,5656aa50-0d67-4f15-930a-0ea28fb14979,68a16aa4-81d0-4d7e-b53e-e06913554620,3,6.7,528.6
50f23891-0e3f-40d3-8bcb-a5bcfcec1987,7.75,grey,5,225,b1dcd681-9525-4368-b88e-7a0fdeb83143,39a47e20-39d6-48d1-a51a-0437b470a6e7,2.417,6.267,481.2
534a6ddb-dbec-42ac-b559-3f4cbdd66423,7.75,black,1,225,792cbd1e-5ab1-4b08-823b-1af93c55e3fd,c6ee5733-8451-4bf3-a6ce-106d769c4379,2.567,5.817,541.7
5456278f-d454-4194-af69-2784112cffb9,6.5,grey,9,300,80fdfafc-165c-4cb8-a070-17667b7d0874,7c9e1f89-db2d-4f23-939b-bf7a6e0beece,2.55,5.917,481
59df47e5-696a-407f-aa33-94dab9b3e492,2.75,grey,8,525,95a132d3-4a0b-4739-af87-4961c5f2b40f,51c9b975-f966-48b3-a4ab-3e63cb25a3c9,3.5,7.767,474.1
5a652d01-49a0-4b52-a54c-51c21b53e0fe,7.75,grey,6,225,1d102814-6d37-4900-8aee-98e052aee0de,ec013faa-68ee-4118-b06e-d746db58db48,2.583,5.733,525
5b2465b2-47b6-4cc7-b06f-c362ff7454f8,9,black,0,150,3707999d-83c5-49d1-a5a4-ccd2cff97a35,41a58d07-e656-464b-b597-b014b417df52,2.3,5.733,490.5
5dd4bcf1-ee00-4ee7-8a76-483bdc62202c,4,grey,8,450,908ff581-6737-499e-85fe-95a3c1653ad4,055b7290-8df1-42ba-ac44-15fe0cdee5dd,2.867,6.7,479.2
5f5a825b-b433-4986-b5d6-5239eb407d32,5.25,grey,7,375,53cc64be-7a1c-4795-aa4d-c76399db14da,418e4494-e98c-43e5-9c66-d39f2e08af95,2.767,6.567,475
609aaddc-b0c4-4442-b4ef-ba29fa1dbe22,4,black,2,450,02d04096-3b16-43e7-9fde-33175cd99922,ff1cf4dc-bdcc-400d-a370-35a477fd95b4,2.8,6.317,502.4
65eed33d-db39-4b87-b8a4-de20693d3821,7.75,black,2,225,773cd69d-4b2a-40e0-abcb-e2629ab01475,ca124f98-d503-43c4-89bc-1693202badbf,2.483,5.767,469
68382d9c-6cc5-4669-84bf-c8058e3c1472,4,black,1,450,e61e8508-2f0b-48dd-81ca-29d34206d527,f565a38c-eb1a-431e-a1b9-df559bfd4eb0,2.767,6.2,490.5
6a57f963-5846-4eaa-a5d2-0e658499a4a9,9,grey,7,150,891cc776-7539-4647-96dc-f79521e3c7fb,92325007-a4b9-404d-a16d-8aeb8b4d2936,2.2,5.5,471.4
6e2932f2-a9d1-4f2a-9599-a872b605c1eb,9,grey,5,150,4722eed1-b523-44ed-afcf-b4af9e0f60a1,7b8d049f-0a71-4b17-8060-b04d93b3efbc,2.35,5.833,497.6
70326c05-1133-4c5d-8a4c-3e71e0da8479,4,black,0,450,1a811cbd-77e7-47c1-b160-2c00d788ac04,83366e67-d8a2-4113-88bc-3e448f96bd76,2.75,6.45,528.6
7413c064-c0e5-4104-89aa-79d64ef9d6d9,4,black,0,450,c034c7b9-b4a1-42ba-844a-0ecdc08aa6a7,de753133-b0bf-43c7-a71f-4a5e91a955c2,3.1,6.867,470.8
755a600e-d336-4f66-8771-52eed84faf02,6.5,black,1,300,bd8628e8-b5c4-4d9c-9bd9-3f1ed4540d0e,b48385b4-a901-443e-887d-31df4b7a42b3,2.5,6.517,502.1
7a2ccf3c-feb4-4b5c-9c03-44c10f774f9a,9,black,2,150,d67a491e-919f-43ed-927f-1cf46d53012f,49fed48d-ee20-48ee-8541-7004ddf972be,3.95,7.383,490.5
7b0c39f7-8bb3-4c19-94da-30117a8ec17d,7.75,black,2,225,b8bbcf72-1f88-4cd9-a67b-70cab8ba5a0c,9890fb66-3d65-48f1-9912-6d1a496659fb,2.667,6.217,507.1
7c45bceb-e7dc-4a58-a9f2-02aa015541c6,4,grey,7,450,6204b677-f20a-4c93-b7b4-dba84ed18493,f7d365be-82c1-44fc-bb4a-7bc46cef083b,2.683,6.583,487.5
7c59d616-cf70-400a-8ebd-9b3cdfb854ec,6.5,black,1,300,ec186999-1ed1-4610-8d63-4265a1afb3a2,9e6d3082-24a8-47c3-b8da-fcbd67cafb3e,2.533,6.333,475
7d40f846-95bc-4c08-b7a1-b4a410852b77,9,black,1,150,e98f42db-ecc7-44f3-a0f0-e82931990484,2f8ceee6-6541-467b-b838-db4040db76df,2.35,5.667,473.8
7e595f18-f375-4ca5-b922-61b8d693804d,1.5,black,1,600,c5a4a5f1-440a-4239-9285-8fc78fcd3f2b,3adf059c-1397-4c86-88a6-a095522d5d7b,3.167,7.85,520.4
7f445daf-d952-4bf3-b733-def683994895,7.75,black,3,225,4d38db13-b735-4b78-8dbc-c8a54692230e,afb93e62-89e6-42c3-a2c0-765d1e473c22,2.467,6.067,514.3
81e3fe3f-5a7c-42d3-8ea7-c2bf3831288b,1.5,black,4,600,bb9ab53d-f6c7-4b35-b3ba-0e463073d0f2,a0bea658-fff0-40c8-bee5-a1cfb6579e57,4.6,7.683,513.9
82cc23d1-ba4b-48c5-995a-a30d865ea249,5.25,grey,7,375,22152150-415f-4137-886f-2cc80ea2a17b,a0ed9bd1-4ef9-4509-87e7-ab8e97d48646,2.817,6.617,475
83dec58f-0765-4ddc-b785-670d8025c467,4,black,2,450,ebf04a07-ef73-4689-895e-3669549bd9de,17e76b99-db8f-4adc-a89e-76b96fdf4999,2.917,6.633,531
8649b489-429a-4894-9c74-827e94f04566,9,grey,8,150,2ce22b17-acaf-442c-bcee-4d06221564ec,052dac76-81b6-4ac9-8afb-d1280084fe99,2.35,6.05,528.6
86e26a06-c6f9-47dc-bc1f-1c78f1f93251,4,black,2,450,fac25871-9bca-444e-a5bc-d4663df7cb28,63e5a337-beb5-4e8b-80b9-3e2f898a841f,3.133,6.45,473.8
86e934a2-75ef-4084-a167-ce0ca737532d,5.25,grey,7,375,53e04397-9fc5-48e9-99d8-6ce9b23e0ab9,39d4cd9b-e10a-42c0-92cc-12ff23b072b0,2.983,6.65,523.8
87da47db-3d5c-48b2-b3f2-123123d766f0,9,grey,7,150,482597ab-80ae-493d-b7a5-37d3b04bef0c,bd3d7635-021d-4573-8b78-03c896af8052,2.45,5.8,478.6
8845e64c-078b-4a3a-a732-1efe937de14a,7.75,grey,8,225,2b41cc90-29d1-447f-8095-2fe237220d2e,b585936b-418f-474d-84dc-026c6db33b07,2.617,6.117,500
88ff8e25-5b4f-453c-add2-298ef66c683c,2.75,grey,9,525,af2de1d3-99e7-4760-8613-e40c9282fa3c,84226ea9-ddef-496e-89d0-64bc42e746df,3.333,7.417,510.4
8a889364-bfa4-42f7-8d4c-ee7478ea863c,5.25,black,0,375,bc11d223-e464-45aa-9ff6-b3b9909a8fa7,1e095e7a-5a7f-432b-9d16-ab16d4a9e161,2.4,5.967,509.5
8aeee0c2-7419-4cbe-aa42-af10b66f80b4,7.75,black,0,225,c8ed97cb-f6f3-4cbf-9bbe-7b7b9d43c5e0,7b046021-393c-433f-957c-431e0203de6c,2.267,6.783,501.9
8b590505-e40d-4ff8-802d-5430cc2802b6,7.75,grey,5,225,8e6a70bd-c0e8-489a-8bb6-f88b99e289a1,2aa715b3-1144-43ba-86dc-44c93a6e5326,2.533,6.2,523.8
8b72023d-88b1-4615-b871-cac794edf1d9,5.25,black,2,375,86f73a90-8ee0-4716-8ff7-dbad80c8a88b,28c055e3-fbbb-41d0-9bc8-c09bad2de0f6,2.817,6.467,521.4
8bee64f6-a3cb-48f4-be48-142b9065f5d7,6.5,black,0,300,4e842b35-7b92-43db-91a6-cad94b73e226,4ef64ac0-4734-4fb2-aa08-766457d570f5,2.133,5.683,507.1
8dbfdd79-2b3f-4297-8ec2-92d59884dd68,6.5,black,0,300,1f16b97f-28a3-4764-bf98-01d4c4b26915,621cbc1f-2dfb-42f7-8be6-7cc9dbea9aa1,4.183,7.483,471.4
8dc79a0d-b826-4ac2-8483-04346b06960d,2.75,black,3,525,9da1c056-b0c8-49da-8c9d-dd2a1736827b,35ee3601-dde8-474c-b2fa-3fceaa4c574e,2.767,7.433,518.5
8e0deaa9-1ac5-4e69-817a-3204f157f360,5.25,grey,6,375,8607e62e-d57b-4e60-8fe0-003d3b9a683d,39eb8f72-2d4b-48dd-a36c-f340b6f7ad0b,2.583,7.067,498.1
8e6be05b-c10c-43db-b062-a559f5033312,9,grey,6,150,3a220218-9665-4361-a3ce-3c675d1bf16f,94dd712b-9513-41cc-b6b5-483414098d89,2.5,5.917,488.1
8ecf5da9-a68c-4392-8c1a-ecb9754dd9d9,7.75,grey,5,225,8d976616-25cb-4523-8b70-b791473b33d5,03baea1c-a8ea-4e6f-99d5-2fcd5760061f,2.4,5.717,473.8
8ed7c0fc-1490-4e35-a000-7f7357a0772a,1.5,grey,8,600,74f10ae0-0300-4364-a99b-818e0ffd4291,97848421-6584-49e9-8b13-591ccf331fbd,3.317,7.65,481.5
8fa1d226-bf98-4c72-8961-7121546d4a11,2.75,grey,6,525,a4d55548-6107-49e9-a64f-7e1a0f6b7ccf,e09e0b5e-70a1-4ddd-a95a-749d9f7bd1dd,3.25,6.867,516.7
905c9d73-dba9-472d-a6e4-ea3dcd3b3530,7.75,grey,9,225,8c4a59a3-ede5-4995-b4f4-3c289e771eb1,27394801-6095-4f10-9710-8247372bbb04,2.583,5.833,541.7
91327185-f59e-4ae7-a000-fd66526bab82,9,black,4,150,bf53427c-c435-40b2-84d0-a13b0957d939,f4e327a7-f170-456f-b5d5-0c125667fba3,2.467,5.867,485.7
9301277e-6b35-4aa7-bd52-4f56ae0f029b,9,black,1,150,45ae8eb9-8077-46f5-828c-7fd88a1df956,70c51654-131d-4773-960c-86d847391b74,2.3,6.017,531
93e661c0-3f68-4205-9141-04164911b7e4,6.5,grey,9,300,a430904d-3833-46bc-b609-a029aa484ccc,7c931006-135f-4ed7-8055-0855b89ee557,2.25,5.95,528.6
94eac034-9d70-40c0-89d4-d9a030a03d26,2.75,grey,5,525,248982ea-9877-407a-831e-84c885905169,057d8501-563e-4fb2-967c-c4b353bae1d9,3.2,7.417,527.1
95aaf072-b6be-4da4-9857-deaf20ab49f2,1.5,grey,7,600,98cf61ee-eb18-4200-a41c-01892e743f0a,7b19e66b-5433-4399-b446-4d1332dfc5dd,4.45,7.75,471.4
96c2a684-adc3-4f98-8b2a-c19c48e7f5a9,4,grey,9,450,301c011f-76ed-4a42-81a9-966b7c3a045b,89a39139-a189-49ec-8a77-6f1dc4b48f6b,2.833,6.4,509.5
981d9d90-47c5-4443-a939-26060914c7e4,7.75,black,4,225,b552516b-59aa-4819-adcd-6e76b5124284,895a056d-a5b8-481f-8b24-549426b4b134,2.683,6.067,483.3
9cf1ba8f-113d-408d-831d-4cf31ca51b3b,5.25,grey,5,375,56257520-919e-46a6-a1d2-78c9a04c34fa,2556d253-5968-4720-ba3d-8891e72152e0,2.8,6.483,526.2
9d425f58-501f-43f3-955e-05126bd09bb5,1.5,grey,7,600,62a42e0b-21c6-4ae2-b35c-b5edf342deae,f965ac64-86db-4241-998d-753856e93121,3.583,7.783,525
9ed3a785-369e-4eb1-b5ca-50d2602a44d4,5.25,grey,9,375,9837033a-f498-4de5-986a-f8a534ffd2a4,99fe8c83-d5e0-4f51-bad8-c35f103305e4,2.7,6.033,476.2
9f53cd68-f278-45d6-806a-74eeef55bbcc,4,grey,5,450,7f8735df-e7a1-42ee-8318-56b0308c3ca8,067801bc-03be-4bfb-97b1-c8028fd9441c,2.983,6.617,519
9f7e489f-4076-4332-b57e-13a42d4c75fd,9,black,0,150,6fbb5d85-3c7f-43d8-a551-17ec2dc302ef,d8179145-ac11-43d2-bc9b-ef55ef136dd5,2.35,5.617,466.7
a0007ede-8266-4a38-bf86-2a3e66d5d5d4,4,grey,5,450,54bbcba5-5c32-4850-bece-73f52f535574,cc5d4de7-c3a5-4bf9-bc0a-2e433e788695,2.883,6.683,475
a5228b86-ba0a-42f2-aa38-23b5369f0e56,9,black,3,150,f0e4dbc7-f56f-4cf3-807d-9f65591c902c,33dd39d8-b54c-4e3d-a424-b162f5e7ceb9,2.333,5.75,488.1
a57832a0-0b6a-4bdf-a636-adf042cd3fcc,7.75,grey,6,225,07bdad92-6811-426a-ae75-238297ab38f1,15c039ff-0496-49f5-acd2-e2fb0d21d396,2.633,6.033,485.7
abb20336-74c4-448b-a5f7-252c765a55f4,9,black,3,150,5fc7c3ab-be22-41c8-8b5d-e05bdd68cc45,ec2a81b8-a3a3-4fd9-9307-b93fdc88f048,2.267,5.567,471.4
b3a507ff-2289-4ad3-8922-1a3d0532e154,1.5,grey,6,600,023dcf39-8312-415f-99c5-c1994ea9b7d1,a9da23a7-e55d-4680-bd4e-8aa3e7acf7be,4.633,7.733,516.7
bcca6dd9-a0e7-4373-9ebc-93e6e619ca4a,2.75,black,1,525,25d48992-7c90-49b3-a814-220d10fb567b,a7855051-1aa0-4609-af55-9295a1c320b4,2.667,6.583,489.6
c3cfe5d9-0b66-460b-a3db-a76a0df825ae,2.75,grey,8,525,962f94e2-4809-45d3-b559-8658f431de64,310ce391-a937-4bc2-bab9-a9a9922f82fe,3.133,7.65,501.9
c496efe1-6c3e-480d-856f-af132dbe7048,2.75,black,2,525,fc1365f3-14a7-4844-945c-79c395a3e215,e51655c0-1a15-4d72-a60a-79973639d4ec,3.067,7.017,493.7
c49bbdbd-6e52-4da5-887c-72db9cec7d93,2.75,grey,7,525,05ff496c-3c83-473c-a5d4-1c12cd095395,0f0c45d1-34b8-4e2d-9e5f-ab7a80824cae,2.95,7.3,483.3
cc654364-6ba7-42d1-b98c-c44f96b2e4e4,2.75,black,4,525,82c38492-5841-42fa-816e-342417fb93e7,ecf023cb-6905-4256-8ad4-27cbfcf8c61e,2.883,7.233,483.3
d3cc8306-21ab-4f88-ae4f-3970e4cd53ea,1.5,grey,7,600,d91adbb9-62e3-4cfb-abbf-df62b61ff8e6,8b654fa9-db5a-460e-aca3-158f892c2b84,4.417,7.717,471.4
d445e5d9-95ae-4a8f-a6bf-53380fef78b4,2.75,black,0,525,22fb43bc-fd65-444c-89ff-066a717f598f,eed41ce2-d553-4f94-9c77-c2d20cf8cf63,3.333,7.433,512.5
d80f638e-7e4b-4e80-bc19-a4b764fd7614,6.5,grey,9,300,f1a4c2b0-3d12-43f2-8c93-e327f3ac84cd,86ee2bc9-9f13-4f13-a8ec-99806f8d7bf1,2.483,5.8,473.8
d98f2d5f-eb3b-4ebd-b714-878343382f2a,6.5,black,3,300,fcfd39b3-23a5-428a-bbf5-98eb24463b8d,471344f1-51d1-4c2c-a009-dc98a98302ae,2.433,6.4,495.8
debe6245-13a4-4a31-b28a-e7b25ce8fa93,6.5,grey,8,300,18204f91-a067-4ffd-af1d-6fd99c06fa69,59f7a635-af87-43f0-a29c-bd918a2c0b4a,2.45,5.8,478.6
e2c787c5-5358-4a21-bb35-c422b37ef982,6.5,grey,5,300,ab1745d7-c75b-4aa1-9734-0ca8e7ed0a65,29990ff8-df65-46e6-a41b-c537e563071f,2.95,6.65,528.6
e3160d16-fe5e-4987-918b-0921ab937804,6.5,black,4,300,e355ee14-20d9-41e2-8c3b-1d39aa7eec1f,f3d10972-464f-47c5-bf7d-a9d9d7b8f4ef,2.433,5.983,507.1
e4bc0778-6eb7-4065-bf77-a9b6e293735f,1.5,black,4,600,00ca0a65-0dcb-45d1-9d42-e3ce1e56a035,3c7a90d4-2b5f-4c44-ba59-88902d141f01,3.283,7.7,490.7
e5e05e73-9cd0-4990-8da2-4962e0a03e5d,1.5,grey,9,600,9b5687fb-ecee-426a-8556-fb45884c6dc4,c4901b5e-388b-4f6d-aaca-c69545706805,5,7.683,536.7
e838dadb-c02f-4273-ae93-210720dcd06c,1.5,grey,9,600,cb44cebe-6e0c-485f-b0dd-5d67e73bbe46,e0293002-6119-4c9d-bc76-80338a8075dd,3.083,7.367,475.9
ed3846d1-c7e9-4e73-a1ab-cd413d18c0b8,6.5,black,3,300,4a9ae239-dd77-45e3-a773-2d74e8647854,79c8563b-47dc-45fc-a55c-e36b54879e6a,2.7,6.267,509.5
f45daf2e-6d4e-4a6f-ab5b-1829d67d93fe,9,grey,5,150,6eecd0ef-59d8-41f1-a6bb-76115fdb0b67,894a9a06-6117-4297-8e61-0f413fee55d6,2.35,7.333,498.3
fb491605-8f46-43ab-ba62-bfd86d95e4d6,4,black,1,450,b187fbe4-25d1-40bd-ae12-51db04b1eda9,1d56e84f-7d47-45d0-820d-fddb4d5992a4,2.9,6.65,468.8
fc87f268-5d06-4cb4-8db9-dbf7fb69a2ce,1.5,black,0,600,3dfef7b9-598e-47c0-af7c-94fcb2033847,74bdd084-fd10-46a7-801b-9b28c653241a,3.6,7.7,512.5
